id,text,subredditcars,subredditCooking,subredditMachineLearning,subredditmagicTCG,subredditpolitics,subredditReal_Estate,subredditscience,subredditStockMarket,subreddittravel,subredditvideogames
train_1,Dont get the reference but it sounds about right  every time you take a drop itll trigger your allergies which will become less severe over time ,0,0,0,0,0,0,1,0,0,0
train_2,Ive never driven the Utah stretch but it definitely doesnt sound fun  Might be fun to go 120 on it but theres probably cops around or something ,1,0,0,0,0,0,0,0,0,0
train_3,It is also used as  fairly  although I do not now if it is used as a self descriptor or in a derogatory way ,0,0,0,1,0,0,0,0,0,0
train_4,If he could start by defining AGI in a way where a child would understand that doesnt use any sort of comparison I would be impressed,0,0,1,0,0,0,0,0,0,0
train_5,The listing is not duplicating public record  it is describing the house  There are a zillion bedrooms all across the country that aren t up to code that are being successfully used as bedrooms  There are a zillion  trillion grandfathered features that aren t up to code  The entire house I m living in would never  ever get approved today  is it no longer a house  If I list it should I describe it as  Large Shed  If the most natural use of it is as a bedroom he lists it as a bedroom  Public record will show you it isn t a legal bedroom  Your eyes will show you whether you would use it as a bedroom  His job isn t to save you time  his job is to get the best price he can for his seller ,0,0,0,0,0,1,0,0,0,0
train_6,Agreed  I ve had some decent meals with chicken breasts  but they re always a let down when I ve recently made delicious meals from other parts like thighs ,0,1,0,0,0,0,0,0,0,0
train_7,If you read it researched you d see China held a very small portion of US dollars  Got that info a few years back China owns a trillion dollars of American bonds  In case anyone was wondering,0,0,0,0,0,0,0,1,0,0
train_8,You dont need a car in Switzerland because their public transport is amazing You could pick any ski resort and be happy  just be prepared to spend      I would not recommend Zermatt just because it is so expensive  Make sure to take lessons at first  Check if there is an indoor ski center near where you live  I know there is one in Hemel Hempstead I would take a few morning lessons so that way you can practice on your own in the afternoons  As for saving money  the easiest way to do so would be to eat as much as your meals from supermarkets You might want to cross post this to r skiing to get advice on specific resorts ,0,0,0,0,0,0,0,0,1,0
train_9,Try just looking up  budget gaming laptops  on google and seeing what various lists say  That s how I find the laptop I still use after like 3 years now ,0,0,0,0,0,0,0,0,0,1
train_10,As cool as that would be  she s not American born  and that s one of the requirements for Presidency ,0,0,0,0,1,0,0,0,0,0
train_11,   Reaper of the night  https   img scryfall com cards normal front 4 d 4dc774b4 3f70 4351 b1b8 8a0193cb3a50 jpg 1572490223      G   http   gatherer wizards com Pages Card Details aspx name Reaper 20of 20Night    SF   https   scryfall com card eld 102 reaper of night harvest fear utm source mtgcardfetcher    txt   https   api scryfall com cards 4dc774b4 3f70 4351 b1b8 8a0193cb3a50 utm source mtgcardfetcher amp format text        cardname      or      cardname SET      to    call,0,0,0,1,0,0,0,0,0,0
train_12,Upcoming NHTSA mandate  I believe Europe doesn t have mandates for EVs to make noise  at least not yet  because they re the ones who came up with all of the pedestrian safety regulations we have now  The NHTSA didn t have any sort of pedestrian safety regulations until very recently  They drafted up some ideas in 2015 or 2016 and they didn t actually mandate them until a year or two ago  and they re very  very lax  That s why we have the Camaro ZL1 with its splitter and canards  And the Challenger with its shaker hood  And the Corvette with its engine bulging out of the hood ,1,0,0,0,0,0,0,0,0,0
train_13,People have always eaten a lot   The main issue is all the processed and ultra processed foods in peoples diets now   Eat less of that  cook more home made food  take in less sugar  exercise regularly and you will be fine ,0,0,0,0,0,0,1,0,0,0
train_14,So this  When people get flat devices on the mountain you know it s not in an inner pocket staying warm,1,0,0,0,0,0,0,0,0,0
train_15,HubNut is amazing   only made better by him daily ing an AU Falcon   I follow him like a hawk and would be giggling like a school girl if I were to meet him when he comes to Oz ,1,0,0,0,0,0,0,0,0,0
train_16,Having trust in scientific leaders isnt exactly the same thing as having trust in scientists though  I have a lot more trust in company employees than I do most company leaders ,0,0,0,0,0,0,1,0,0,0
train_17,In one scene in the movie Ken is neck and neck with the Ferrari on the straight and the driver is distracted by Ken and revs over redline until his engine explodes   I m not sure how he just forgot to up shift or he was already in the final gear and decided to keep going   IDK this part just kinda confused me ,1,0,0,0,0,0,0,0,0,0
train_18, Rule 3   https   www reddit com r cars about rules    No memes  trolling  copypasta  or low quality joke posts or comments    I am a bot  and this action was performed automatically  Please  contact the moderators of this subreddit   message compose  to  r cars  if you have any questions or concerns  ,1,0,0,0,0,0,0,0,0,0
train_19,I think when I went the daytime temperatures ranged from 8 20 F  I dressed in A LOT of layers  I knew I was going to be cold cause I m used to California  winters  haha  so it wasn t too bad unless I was outdoors for extended periods of time without going inside to warm up  For me  part of the fun was experiencing that coldness and the snow,0,0,0,0,0,0,0,0,1,0
train_20,Occam s razor might suggest that 7 year olds just learn that people are less likely to behave hypocritically than not  rather than developing judgements about the morality of social behaviours ,0,0,0,0,0,0,1,0,0,0
train_21,It was so hard trying to explain to a childhood friend that wasnt how it works  He was so stubborn about it ,0,0,0,1,0,0,0,0,0,0
train_22,GPT 2 works with tokens  it does not perceive words on a letter level although it can when there is no valid tokenization of a word but this is positively not the case  so you re asking it to make analogy on a level it does not physically perceive  It s not that simple ,0,0,1,0,0,0,0,0,0,0
train_23,   Hurloon Wrangler  https   img scryfall com cards normal front d 9 d957abcb ba56 42b4 9316 f30ac821ecf9 jpg 1562799167      G   http   gatherer wizards com Pages Card Details aspx name Hurloon 20Wrangler    SF   https   scryfall com card ugl 46 hurloon wrangler utm source mtgcardfetcher    txt   https   api scryfall com cards d957abcb ba56 42b4 9316 f30ac821ecf9 utm source mtgcardfetcher amp format text        cardname      or      cardname SET      to    call,0,0,0,1,0,0,0,0,0,0
train_24,I think theres another component  Couples in secure relationships  Men who dont feel the need to financially control their spouses and women who dont feel the need to have an exit strategy  If youre a secure man  in a secure relationship then youre not threatened by your wifes income  You dont see it as her ability to leave  you see it as your ability as a couple to grow ,0,0,0,0,0,0,1,0,0,0
train_25,I m confused   doesn t hypothesis 1  dependence on parents due to high attention from parents  contradict hypothesis 2  low quality fathering and lack of attention    Which of these do they claim is significant ,0,0,0,0,0,0,1,0,0,0
train_26,Glad to read that  do you use it daily  Also do you smoke  eat it or use any other product Asking because my mom has fibromyalgia and she was able to stop with tramadol but now suffering from severe pain ,0,0,0,0,0,0,1,0,0,0
train_27,The difference is probably due to the Golf s high level of chassis rigidity and less shock travel  The car should have DCC though and be valved more softly in comfort mode ,1,0,0,0,0,0,0,0,0,0
train_28,Or you could just enjoy the real variation and then work out as you normally would  and then it doesn t matter Why the hell is this getting downvotes  This has worked for me for years  with zero issues ,0,1,0,0,0,0,0,0,0,0
train_29,Good idea  I found this   gt  A total of 64 1  of deaths among persons aged  lt 80 years from unintentional injury in noncore counties were potentially excess deaths  compared with 47 8  in large central metropolitan counties       Pipe bombs and drunk mudding ,0,0,0,0,0,0,1,0,0,0
train_30,Peugeot s steering wheel that they put in almost everything nowadays  Very  very small  quite chunky  very curvy   literally perfect for driving in every scenario IMO ,1,0,0,0,0,0,0,0,0,0
train_31,There s a theory that baby talk actually helps kids learn to speak because the exaggerated tonal shifts  sort of like cranking up the audio contrast Indigenous peoples the world over do it  suggesting it s innate to humanityI was very against it until I read one of those papers a few years ago,0,0,0,0,0,0,1,0,0,0
train_32,And there s an old folks tale about these thieves stealing from plague victims but not getting the plague  The tale goes that the king offered pardonship if they spilled their secret They got a potion from a witch  What was in it  Garlic was one of the big ingredients which I remember reading can keep infection and bacteria at bay Don t remember the details but that s the gist of it,0,0,0,0,0,0,1,0,0,0
train_33,   Guardian Project  https   img scryfall com cards normal front c c ccad6ce0 ddf0 458d bdae 3d7805fdc775 jpg 1572893459      G   http   gatherer wizards com Pages Card Details aspx name Guardian 20Project    SF   https   scryfall com card rna 130 guardian project utm source mtgcardfetcher    txt   https   api scryfall com cards ccad6ce0 ddf0 458d bdae 3d7805fdc775 utm source mtgcardfetcher amp format text        cardname      or      cardname SET      to    call,0,0,0,1,0,0,0,0,0,0
train_34,That wiki page references research papers   Not that I d say that research papers are  always  good  ,0,0,0,0,0,0,1,0,0,0
train_35,this would be an interesting set and I think that a     panharmonicon     reprint would be extremely tempting,0,0,0,1,0,0,0,0,0,0
train_36,No  because once upon a time is still an amazing card  Just because it got banned doesnt mean you should sell  Oko is still at 33,0,0,0,1,0,0,0,0,0,0
train_37,I m very fond of the old  80s 90s  gm steering wheels found in everything from full size trucks to corvettes  They got something right ,1,0,0,0,0,0,0,0,0,0
train_38,Very  very cool  Im not a NYC resident  but wouldnt 226 W 59th be right near Central Park  Its likely all condos now but I wonder if OPs great grandfather had a ballin home facing the park back then Another address listed there is 375 Park Ave  which is now the Seagram building  Im really curious to do some digging and find out what was on that lot 100 years ago  when this car was purchased ,1,0,0,0,0,0,0,0,0,0
train_39, gt The   feeling is one o  f beingYes  the feeling  I ll happily accept that  But you do NOT actually  ghost travel  or change in any way  You re hallucinating  Something he VEHEMENTLY denied ,0,0,0,0,0,0,1,0,0,0
train_40,This  exactly   They needed to be beaten psychologically as well  all their towns destroyed  made to feel totally hopeless   We totally let them off the hook and let them keep all of their wealth  land  infrastructure  and worst of all  pride   It was a real travesty ,0,0,0,0,0,0,1,0,0,0
train_41,I know plenty of people who achieved doctorates while smoking cannabis  and microdosing LSD  psilocybin  and DMT  daily  That being said  I also realize that when you have an extensive cannabis consumption habit  you tend to spend a lot of time doing that activity ,0,0,0,0,0,0,1,0,0,0
train_42,It s important to confirm things that we  think  we know  Many studies on things we  think  we know show us that what we think is wrong ,0,0,1,0,0,0,0,0,0,0
train_43,Yeah the difference is the oligarchs give the money to a lobbyist who then gives it to politicians  If they just handed those large sums directly to them then it s illegal    so no real difference whatsoever  It s legal corruption ,1,0,0,0,0,0,0,0,0,0
train_44,Integrity is not a complex trait  to do what you said you would do   But it certainly is lacking these days ,0,0,0,0,0,0,1,0,0,0
train_45,It s an expression of extreme narcissistic tendencies  They make everything  about them  and by taking away independence from their children they gain the codependent attention they crave   For research https   www psychologytoday com au blog fulfillment any age 201810 is how narcissistic parents treat their children,0,0,0,0,0,0,1,0,0,0
train_46,First plants communicate  now they strategize  Whats next  Rich emotional lives  Can the vegans eat  anything  ,0,0,0,0,0,0,1,0,0,0
train_47,FoST for sure has major stock intercooler heatsoaking issues  Its the first mod I always recommend to anyone upgrading parts on a FoST  before tune or exhaust  I believe the FiST and FoRS do not suffer the same problem as bad out of the gate  Of course they all do eventually depending on mods and tune  but its super bad on the FoST,1,0,0,0,0,0,0,0,0,0
train_48,As someone with auto immune arthritis  PsA and spondylitis  plus psoriasis  I have long thought my brain was effected  I already know about brain fog  but when ever I was on prednisone I mentally felt my best  Thankfully now Im on biologics all is pretty steady and at bay,0,0,0,0,0,0,1,0,0,0
train_49, gt  honestly I think I get issues from looking at screens all dayYy I can relate  I worked an active job at a pharmacy 6 days a week for 12 months and wasn t sick once  Went back to uni and my avg steps pr day fell from 14 000 to 2000 and been sick like 3 times in half a year ,0,0,0,0,0,0,1,0,0,0
train_50,Yes you are correct   Can t wait to see the 2022 model   I like the new 2500  but I d be hesitant to spend that much on a truck that is using the old platform still,1,0,0,0,0,0,0,0,0,0
train_51,Would you say that  most  naked mole rats are ugly  or only the ones below the average naked mole rat level of attractiveness  Is it your claim that a majority of a particular species cannot be ugly ,0,0,0,0,0,0,1,0,0,0
train_52,You are the first person thats said that  lol   Go find my  Sage in cornbread dressing  post  and youll see what I mean   I have no idea how to link it  or I would ,0,1,0,0,0,0,0,0,0,0
train_53,True  I will probably end up doing that  However  I want to take this opportunity to understand a bit more about the cause of the issue ,1,0,0,0,0,0,0,0,0,0
train_54,The key part is that different soups either helped prevent transmission  or slowed progress  none did both  Youd expect an ingredient used in everything not to show that distinction  Maybe not all of them contained garlic  or maybe different preparations matter ,0,0,0,0,0,0,1,0,0,0
train_55,It s an engine speed sensor   crankshaft position sensor  It s on the front of the motor and you can probably change without even jacking the car up  The plug for it is right between the engine and radiator toward the driver side  Follow the wires to the engine for the sensor location  Last time I had to do it I believe it was less than  50 from a local auto parts store  It was a friend s car or I d just go out and look  If you know someone with a VAGCOM that helps a ton  I used mine to diagnose it ,1,0,0,0,0,0,0,0,0,0
train_56,Token lands would lead to degenerate copying abuse  as flooding the board with tokens is simple enough ,0,0,0,1,0,0,0,0,0,0
train_57,Besides edh commander  Ive found pauper to be a fun  affordable format with many viable decks across the archetypes  Pioneer is another format thats pretty open but is very volatile at the moment ,0,0,0,1,0,0,0,0,0,0
train_58,Well  the article today said they specifically want standard sets to have more impact on non rotating formats  and several pros  including Autumn Burchett praised that viewpoint  I think its short sighted  As non rotating formats get larger  the only way to make several cards in each set matter in those formats is net power creep ,0,0,0,1,0,0,0,0,0,0
train_59,Hmm  not going too heavy on the meat is a good point  hadn t thought of that  Our christmas dinner tends to be fairly meat heavy  turkey  gammon  maybe another meat if Dad s found a good recipe   so perhaps something like roasted veg would work well  Thanks for the suggestions ,0,1,0,0,0,0,0,0,0,0
train_60,Combine some other interest and make it personal  Think of something you and he shared such as a favorite TV show or Movie then find a deck box and matching sleeves and playmat  My kids did this for me last Xmas  I love 80s GI Joe and my kids got me Joe and Cobra sleeves  deck boxes and playmats and was really thoughtful ,0,0,0,1,0,0,0,0,0,0
train_61,The video from Richard Turner is what made these click for me  Gaussian processes are such an incredibly strong tool  it s great to see the work being done on making them computationally efficient on large datasets It does somewhat bother me that every graphic in this post is lifted from the original presentation    You are probably better off watching the original video ,0,0,1,0,0,0,0,0,0,0
train_62,Still very low expectations for this     whatever it is If this is a  replacement  of  From the Vault  it may be a good thing If this is some kind of  loot   box   crate  thing  I m convinced WotC has gone  full cash grab  ,0,0,0,1,0,0,0,0,0,0
train_63,Very little experience with them  Most US manufacturers don t sell in widely Europe  so perceptions are mostly based on things seen online  The cars are of course not designed for Europeans  whatever that actually means  Different mindsets   Something like a Corvette or Camaro or any giant SUV is too brash and vulgar to drive around here  But hey  they re doing well domestically ,1,0,0,0,0,0,0,0,0,0
train_64,Ben Stark has top 8ed  what  four Pro Tours  Including winning one  Pretty sure he is fine at constructed ,0,0,0,1,0,0,0,0,0,0
train_65,Of note   One of the two components of the ayahuasca brew is specifically an actual old school pharma antidepressant in plant form  the  p    viridis  shrub is a source of an MAOI compound  that acts as a potentiator for the DMT component in the   b    Caapi  vine half of the brew  This potentiator aspect is the essential difference between aya and just plain ol DMT  which is burned through in the brain in minutes  The MAOI changes that to hours There s definitely more to this particular study but it s a neat phenomenon,0,0,0,0,0,0,1,0,0,0
train_66,As the climate changes  sharks will move into more human infested waters  This might be a good technology to have on hand ,0,0,0,0,0,0,1,0,0,0
train_67,I can absolutely see doing this as a power lifter  I am by no means trying to get jacked  just stay within the range of being able to buy the clothes I really want ,0,1,0,0,0,0,0,0,0,0
train_68,    Life and Limb     basically just exists to create confusing rules situations  Think Blood Moon but far  far  far worse ,0,0,0,1,0,0,0,0,0,0
train_69,Only thing I use chicken breast in my house for is diced up in things like chicken soup or chicken pot pie  or they re being butterflied  beat up a bit and turned into chicken parm ,0,1,0,0,0,0,0,0,0,0
train_70,Thank you  I m going to investigate about this car  seems to be very ahead of it time  pretty interesting,1,0,0,0,0,0,0,0,0,0
train_71,There are more people in the US now than 1940  so supply and demand would dictate that home prices are worth more after inflation   Adjust for square footage and amenities and youll find its not quite as bad as you think  especially with low interest rates   The average home size in the 1950s was under 1k sqft  which few people today are willing to live with Its the same principle with cars  theyre a lot safer  more efficient and reliable   If someone were to make a 1960s like car  it would be cheaper   Hell  a Camry is better in most ways than a 1960s Mustang ,1,0,0,0,0,0,0,0,0,0
train_72,DT is not card advantage  And the two draw 7s you mentioned don t hold a candle to A Call  They aren t played in Vintage outside combo  every deck that can make blue mana reliably plays A Call  even decks like Fish and Delver Fact is  A Call is the default card to get with DT  because it is the strongest card ever printed in Magic  excluding the ante only draw 7 ,0,0,0,1,0,0,0,0,0,0
train_73,Non combat is every damage that are not from a creature dealing  combat  damage with her strenght Prowess is triggered when you cast a non creature spell So a lightning bolt will trigger prowess and deal non combat damage Hope I halped you   ,0,0,0,1,0,0,0,0,0,0
train_74,After this movie all I wanted to do was drive my mustang  but it s in the shop for like another week  I miss it ,1,0,0,0,0,0,0,0,0,0
train_75,Agreed  I ve only gone there for the first time in the past year or two  but  magic mom   that s what people call her  idk her real name  has always been super inviting and helpful  When I was looking for certain cards the store didn t have  she took my name and looked in her personal collection  Really awesome store ,0,0,0,1,0,0,0,0,0,0
train_76,It s most likely that people that don t need to worry about their weight are more likely to go whole  while those overweight try to go the diet route ,0,1,0,0,0,0,0,0,0,0
train_77,   gaeas cradle  https   img scryfall com cards normal front 2 5 25b0b816 0583 44aa 9dc5 f3ff48993a51 jpg 1562902898      G   http   gatherer wizards com Pages Card Details aspx name Gaea 27s 20Cradle    SF   https   scryfall com card usg 321 gaeas cradle utm source mtgcardfetcher    txt   https   api scryfall com cards 25b0b816 0583 44aa 9dc5 f3ff48993a51 utm source mtgcardfetcher amp format text        cardname      or      cardname SET      to    call,0,0,0,1,0,0,0,0,0,0
train_78,It s all contractors all the time  Who needs to pay their employees health insurance  when you can just string them along year after year and then discard them  That seems to be the trend ,0,0,0,0,0,0,1,0,0,0
train_79,It s wtf because isn t it originally from the line  you had me at hello  from Jerry McGuire  When did the game come out And it does mean you agree with someone,0,0,0,1,0,0,0,0,0,0
train_80,Also  if people were driving around exclusively in SUVs Id rather have them drive in RAV4s exclusively  Theyre not overly tall or large  They fit well into most garages unlike the crazy ford expeditions and Escalades I see going around  I park in an underground garage at work and it clearly wasnt designed for such crazy behemoths in mind ,1,0,0,0,0,0,0,0,0,0
train_81,i hope its something like the Theros block challenge deck series  it was one of the best side product that i was there was more of ,0,0,0,1,0,0,0,0,0,0
train_82, gt  I can hear a SavageGeese style review voice in my head now waxing about how the V6 is more interesting than a turbo 4 popper but    whatever He actually kinda ripped on the V6 Camry because the transmission and electronic nannies prevent you from actually ever getting to use the 300hp  Basically said everything you said about it I test drove one because I really like the way they look and have been seeing great deals on used ones  But holy hell  was he right  It in no way feels like 300hp  It s big and boaty and slow  Haven t driven the Accord so I can t compare  but I can t imagine it s not better ,1,0,0,0,0,0,0,0,0,0
train_83,I tend to agree with Franklin  Ive seen a lot of religious people argue with atheist that murder is okay in the atheist world view since theres no ultimate judge in the sky  I always think to myself  If the only thing holding you back from murder is the belief some dude in the sky will punish you  then please  continue believing in him ,0,0,0,0,0,0,1,0,0,0
train_84,So something that is irrelevant once you own the house  I dont think you are prepared to be a homeowner ,0,0,0,0,0,1,0,0,0,0
train_85,CAD has always been there  since that s relatively simple  CAE is constantly improving  and better parallelization means we can easily scale to about 100  cores and still have decent linearity Better computational speed allows for finer meshing  improved models  and also analysis with increased fidelity  This allows us to do larger DoEs and or morphing studies to optimize designs ,1,0,0,0,0,0,0,0,0,0
train_86,Similar research may allow me to someday get a kitten  https   www sciencenews org article giving cats food antibody may help people cat allergies,0,0,0,0,0,0,1,0,0,0
train_87,Out where I live we have a special insurance that costs a  100 00 a year that cover med evac and transport services   If you go out of State or go International it s an additional  100 00 but they ll fly you from wherever back to a State hospital that can treat you   It s worth it   I would suggest anybody who lives in a semi rural area get it ,0,0,0,0,0,0,1,0,0,0
train_88,The rod bearing clearance isn t a  cost costing  issue  Tight bearing clearances are common in race cars for a myriad of reasons  and I m sure this was a conscious design decision made by the engineers to aid with the power and red line  High performance engines are pay to play and high red lines don t come cheap  If it s not worth the cost to you  fine    but that s on you  not BMW ,1,0,0,0,0,0,0,0,0,0
train_89,Semolina  A plate might also be too smooth  try a worn in cookie sheet with a flat edge  The texture will help as well ,0,1,0,0,0,0,0,0,0,0
train_90,That article is really lacking in details  Both Motortrend and Lincoln s own site seem to have a lot more infohttps   www lincolncanada com luxury crossovers corsair https   www motortrend ca en news 7 things know 2020 lincoln corsair ,1,0,0,0,0,0,0,0,0,0
train_91,Canadian here  Take the corolla because of the thicker treads  just make sure to slow down from way off and go very slowly thru turns  Never gas it on a turn ,1,0,0,0,0,0,0,0,0,0
train_92,If you had  3m to drop  would you go LaFerrari  Chiron or a the Harrys Simply from a depreciation perspective  I think the LaF and Huayra will fare a lot better than a Chiron I know Pagani BH is selling a Huayra BC  whats the going rate for one of those  4m  ,1,0,0,0,0,0,0,0,0,0
train_93,It can t be just batteries  look up the weight of a Model S or Taycan  those have 90   100 kWh packs  this has a small battery and a small engine  It doesn t make sense to be this heavy  especially using carbon fiber everything ,1,0,0,0,0,0,0,0,0,0
train_94,Prof  in grad school keeps telling us  people who write those papers are not more capable then you  I ve started grad school after 3 years in the industry  in that time I ve seen people who I did my Bsc  with doing very good research work     they were decent but not genius ,0,0,1,0,0,0,0,0,0,0
train_95,OP s wife here  Thank you for this info  I was blindsided by Mu Yanling s ability to return cards to the opponent s hand  It still doesn t seem matched well to the Sorin deck  we switched decks this morning and the blue deck can t get cards out fast enough to counter the lifelink and damage output   I think a denial deck is going to be in the works  Much appreciated ,0,0,0,1,0,0,0,0,0,0
train_96,That s what I was thinking   If it s mechanically sound  it could almost be worth it to buy it because it s stupid cheap  and then have the interior re done ,1,0,0,0,0,0,0,0,0,0
train_97,  Yep  last time I checked doctors are definitely allowed to make jokes  He was 100  serious when he said the risk of smoking is less than vaping because they know what my husbands outcome will be from tobacco  He was saying it could be much worse with vaping and its not worth the risk  So if hes going to continue vaping he  might as well just smoke cigarettes ,0,0,0,0,0,0,1,0,0,0
train_98,Joint manufacturing and tech sharing with Toyota probably helped too  Going to be interesting to see what happens when the Skyactiv X and I6 engines drop  Mazda took a big rankings hit the year the 2 5T came out ,1,0,0,0,0,0,0,0,0,0
train_99,Sure they will Single hotties in your area Just add a variable for the second word and imageNow its  Single widows in your area ,0,0,0,0,0,0,1,0,0,0
train_100,Degenerate anime cyberpunk set here we goShadowverse devs entering despair mode once it loses its only edge,0,0,0,1,0,0,0,0,0,0
train_101, gt ow do you turn     Apex Altisaur     face up  It doesn t have morph by itself Probably a card that manifests other cards I think OP is mixing Morph and Manifest ,0,0,0,1,0,0,0,0,0,0
train_102,Couldn t you make the same argument about Bolt in Modern  In any red decks it s a 4 of unless there s a very strong reason against running 4  It s a strong card  and so is Copter  The deckbuilding cost is low  Why don t people call for Bolt to be banned ,0,0,0,1,0,0,0,0,0,0
train_103,Nobody thinks about it  but the Forte s  specifically the Forte Koup s from 2009 14 are pretty popular for modders  Specifically the body style from around 2009 13  Edit  The Koup s are also particularly rare vehicles  There s not a ton of them because they were only produced for five years and didn t enjoy a huge surge of popularity  They re comparable spec wise to the Forte5 of today and the OG Velosters ,1,0,0,0,0,0,0,0,0,0
train_104,I am not here to argue with you  get your facts right the candy flavored ones have Vitamin E in them too without THC  Those   from my City died from Nicotine vapes with Vitamin E in them   Yes cigs are bad for you  but I m not 6 feet under after smoking a few puffs of a cig like those who have died from a few puffs of a vap  ,0,0,0,0,0,0,1,0,0,0
train_105,The dino was very well designed  and I think just the act of seeing a Temur dinosaur with a great ability got people excited about what could happen with Dinos down the line  Solid work  per usual   ,0,0,0,1,0,0,0,0,0,0
train_106,After examining the configuration closely  I d say  wait for the Lincoln version of this   amp  x200B Even on the premium  your interior is Active X  And no  its not the crappy IE plugin  its some crappy ford seat material   amp  x200B If you google it  Active X is literally that cheap leather looking thing Ford puts in the Fusion SEL for fleets or something  It is hardly acceptable for a  60k car  And no matter how much you pay  you cannot spec air conditioned seats ,1,0,0,0,0,0,0,0,0,0
train_107,Dodge has an uncanny ability to make high horsepower vehicles in a way that is light years more reliable than those number would be even an decade ago  However  their actual designs are the more boring out there  It s like they re trying to mask performance with harkening and conformity,1,0,0,0,0,0,0,0,0,0
train_108,check it s predictions  I bet the right answer is in the top 3 and likely the top answer but that the decoding wasn t top 1  nucleus  ,0,0,1,0,0,0,0,0,0,0
train_109,It s not exactly a city  but I do travel through dense areas  Someone in a rural area would absolutely call it a city  but suburban people would probably call it a dense town ,1,0,0,0,0,0,0,0,0,0
train_110,I m guessing you name your favorite colors  format  etc and get random stuff based on that For example you say you like green and commander and they send you a thousand copies of   harmonize     ,0,0,0,1,0,0,0,0,0,0
train_111, gt   but will complain about it anyway from their cobb tuned 2003 WRX wagon with a roof rack I feel attacked ,1,0,0,0,0,0,0,0,0,0
train_112,All of new zealand is rabies free  In order to keep it that way there are strict quarantine guidelines for bringing animals into NZ,0,0,0,0,0,0,1,0,0,0
train_113,They have accelerated schedules now that require twice weekly visits  but you get up to maintenance dose in like 10 weeks or something  They 10x concentration every two weeks for me ,0,0,0,0,0,0,1,0,0,0
train_114,I actually drove my 09 Impreza  EJ25  with a blown head gasket for two years  about 30k miles   Though the engine was okay when I finally got it fixed  it did ruin my catalytic converters ,1,0,0,0,0,0,0,0,0,0
train_115,I believe the calculation is  deck cost in tix        real time hours    manahours  used  and you get like 60k mana hours that refresh every month  80 real hours month  750 tix  Their site has the full info  and you can turn in a deck when you re done playing for an extended period and can borrow again once done  They briefly mentioned something on their site about  smart league hours  or something but they dont go into detail  maybe it just omits time in queue if they even have a way to track that  I m unsure on that part ,0,0,0,1,0,0,0,0,0,0
train_116,by guestimating the numbers  it probably does 150kw DCFC  Taycan can do up to 270kw  Model 3 does 250kw That being said you d have to find a charger that fast first ,1,0,0,0,0,0,0,0,0,0
train_117,Interesting  I guess I just kinda assumed it was alway important to maximize mana usage as aggro  but it makes sense to hold a few things back just in case ,0,0,0,1,0,0,0,0,0,0
train_118,Touch   that s definitely true  Ford will have to train their dealerships and salespeople in EV federal  amp  local tax credits ,1,0,0,0,0,0,0,0,0,0
train_119,Vindictive Vampire only triggers on other creatures the opponent controls   Syr Konrad triggers on all creatures and creature cards ,0,0,0,1,0,0,0,0,0,0
train_120,It was a joke  I think it s obvious that an XC90 is way cooler than a minivan  and probably drives better  But if you want to maximize interior space  I don t think anything can beat a minivan  We used to have a Land Rover and it also had three rows  that could fit adults facing forward   but third row passengers have to sacrifice a lot  If you need three rows regularly a minivan is definitely the better choice  Big SUVs like that are lifted quite high so a minivan that s the same size has way more headroom ,1,0,0,0,0,0,0,0,0,0
train_121,They ve already screwed up the turbo branding with the 911  three years ago And there s a world of difference between a trim level and a car model ,1,0,0,0,0,0,0,0,0,0
train_122,So at what age do kids  or adults  pick up on the notion that hypocrisy might be  useful   Is in  when do Machiavellian traits emerge ,0,0,0,0,0,0,1,0,0,0
train_123,I believe the fact that there is not room for multiple normal bordered arts does rule it out   That s actually the most compelling bit of evidence to me   There s simply not room for the usual 15 20 land variants that you d normally have from a set ,0,0,0,1,0,0,0,0,0,0
train_124, gt I have ulcerative colitisIs there any chance that you smoke or have tried smoking weed  My cousin has crohn s disease and my mom has UC  Both of them swear by it  but I guess I m not really seeing  how  it helps  CBD can supposedly help with inflammation but I know my mom doesn t really smoke CBD heavy strains My cousin is younger so I don t know how much he s had to deal with fatigue  My mom has definitely had to  She nearly died and the doctors changed her meds around some  and the weed helps her get a full night s rest ,0,0,0,0,0,0,1,0,0,0
train_125,It does matter if feeling hungry causes your workouts to suffer  I d rather eat a larger volume of lower fat food than a smaller volume of full fat foods to avoid feeling hungry mid workout The only real danger of lowfat foods is believing you re being healthy and overeating anyway  If you re controlling that aspect it can absolutely be a tool to help you feel more satiated and avoid overeating,0,1,0,0,0,0,0,0,0,0
train_126,The edge thing is mostly Samsung  and I totally agree Even leaving aside how awful it is for durability  I will  never  understand why people think that looks good  You can t even use normal cases since that would cover up the screen  the edge is too distorted to see anything  but it s still used for input so you can t cover it Glass backs are less bad  since the vast majority of people will be using a case anyways,0,0,0,0,0,0,1,0,0,0
train_127,Not quite  It was a one off thing  Full on Anime or even anime inspired is a complete shift of their art style  There are alot of people that would be turned off by that  more so than any they could gain I could see them doing a supplemental set with heavy anime to gauge it a bit  but doubtful for a full standard legal block ,0,0,0,1,0,0,0,0,0,0
train_128, gt   Donald Trump is   not a racist  Not a bigot  Not a xenophobe   she said   He simply cannot be taken seriously  as we can all see  by being anything but  and the evidence of this is every day of his campaign     gt    gt Clinton herself was criticized on Monday for not holding a press conference It couldn t even make a coherent decision whether it wanted to defend him or attack him  I m disappointed   This is like the first principle component of online discussion ,0,0,1,0,0,0,0,0,0,0
train_129,I d recommend looking for used RC Fs  You can get pretty great deals on them used  Low to mid  40k or even in the 30s if you find a great deal  Because of reliability  there s no issues with buying them used    The real problem with the RC models is that depreciation hits them hard the first 2 years  so much that buying them new and taking the hit almost seems silly ,1,0,0,0,0,0,0,0,0,0
train_130,The CMC of an Adventure card is the CMC of the creature part of the card  You don t get to choose  When it comes off of suspend you DO get to choose to cast either the creature or the adventure  You can suspend a   Flaxen Intruder   with 1 time counter and then cast   Welcome Home   to get 3 2 2 bears the next turn ,0,0,0,1,0,0,0,0,0,0
train_131,Get life insurance  tell them you value the work they do and that they shouldn t worry about providing for their family and focus on doing the right thing  Id say the best way to ensure people they dont have to worry about you is by being a strong person that  shows  people dont have to worry about you  Ideally people dont need to be told that you ll be fine  They know because the way you live your life reflects that ,0,0,0,0,0,0,1,0,0,0
train_132, gt  now Im almost done and I gotta say   this is one of the strangest experiments I have readThe gut microbiome is looking to impact and regulate the entire body and be involved in virtually every disease state  The easiest way to transfer the gut microbiome is via FMT ,0,0,0,0,0,0,1,0,0,0
train_133,0w 40 is extremely close in viscosity to 5w 30 and with a great viscosity index  So 0w 40 would be a superior option to 5w 40 and 10w 30 ,1,0,0,0,0,0,0,0,0,0
train_134,Ummm  you may want to check your facts in this one   I dont believe this to be true outside of a very few select compounds ,0,0,0,0,0,0,1,0,0,0
train_135,I live in Charlotte where my daily commute is in traffic  through construction zones forever  and a lot of 35mph roads  I still love this car but I wont put a bike rack on it and would like something I can tote friends  bikes and a dirty dog with  The seats in the mustang arent really comfortable for someone my size  2015  was a huge improvement there   And to be honest  the roads in California were 1000x nicer and the speed limits were high  Ill miss the car  and would definitely consider upgrading to a newer one eventually but priorities are different right now  7          ,1,0,0,0,0,0,0,0,0,0
train_136,There are still options  Perhaps insects could be used to deliver it  And even if you couldn t wipe it out in bats completely getting rid of it from terrestrial mammals will still help drastically ,0,0,0,0,0,0,1,0,0,0
train_137,A European car wouldn t last half as long in the states  Want to take a guess why Renault failed miserably in the states when they were sold here And a pushrod engine may not make the peak numbers of many European engines  but the average horsepower and torque across the entire rev range is far superior to anything coming from Renault ,1,0,0,0,0,0,0,0,0,0
train_138,Does it make any difference in the end 1sq meter of sun shine has 100 energy 1sq meter solar panel outputs 50 energy So the loss  inefficiency is half  regardless of whether it captures it first or not Or am I missing something ,0,0,0,0,0,0,1,0,0,0
train_139,16 city for a large V8 cranking out 500HP is pretty damn good  My 5 0 Supercharged V8 gets between 9 and 12 city  depending on how I drive it  If I really hypermile it  I can just about squeeze out 14  but that requires a huge amount of focus on every input ,1,0,0,0,0,0,0,0,0,0
train_140,I was actually looking into that as an option  Definitely similar version to the rav4  I was thinking of upgrading to a Lexus but I don t think I could afford one  Sucks because my car is so sharp looking http   imgur com a 8pxQI7l,1,0,0,0,0,0,0,0,0,0
train_141,Imagine  a hybrid truck  good mileage  a lot of torque  but I dont see truck guys that would want a hybrid  but I like it,1,0,0,0,0,0,0,0,0,0
train_142,Low fat variations of foods are awful  They aren t going to help you diet  they sometimes cost  more   and they taste like garbage  I firmly believe it all exists to make people think and feel like they are eating healthy  but they aren t ,0,1,0,0,0,0,0,0,0,0
train_143,Were they BMW I3s  Literally no one wants them  a used car dealership near me sat on 2 for well over a year  both with less than 25k miles,1,0,0,0,0,0,0,0,0,0
train_144,Didn t ancient Romans or something encourage same sex relationships among their soilders  because it would make them  preform better  in combat     I m not a historian so maybe I m wrong ,0,0,0,0,0,0,1,0,0,0
train_145,Dude  why are you having a nervous breakdown on me  Literally insulting me because I m stating facts is really ignorant ,1,0,0,0,0,0,0,0,0,0
train_146,well evidently not if it s not triggering the lock mechanism while an allen key does  Close it and have a peep under to see what s going on  ay ,1,0,0,0,0,0,0,0,0,0
train_147,Keep it up  I ve always talked to my kid as if they  did  understand me  Fast forward to now and we re a week shy of my oldest daughters 2nd birthday  She s been speaking in full sentences for the past couple of months  She s always known 1 and 2 syllable words  but the random day she started piecing things together that made sense was amazing ,0,0,0,0,0,0,1,0,0,0
train_148,Opposite for me  New KIA dealer by me  brand new building and everyone was friendly as could be getting our 19  Sorento ,1,0,0,0,0,0,0,0,0,0
train_149,How frequently did turn one wins occur with oko The problem during combo winter wasn t meta dominance   Oko vs oko games are still games of magic  The game isn t broken  it s just dominated by an archetype  During combo winter the game stopped functioning  Games were decided on turn one and frequently ended on turn 3 The sheer amount of fast Mana that was available was insane  Lotus petal  mox diamond  mana vault  dark ritual  tolarian academy  and grim monolith If one card was in 100  of decks it wouldn t be as bad  You simply don t understand what the issue was ,0,0,0,1,0,0,0,0,0,0
train_150,I thought it was really good  the drama was much more interesting than I would have expected  The scene with Henry Ford riding in the GT really caught me off guard in a good way  The only thing that bothered me was in the begining when Ken is racing open cockpit and is talking to the guy in the car next to him  Also  Ken s death felt a bit too abrupt,1,0,0,0,0,0,0,0,0,0
train_151,Maybe it s just the people I associate with   I don t know a single person in real life that can appreciate the design ,1,0,0,0,0,0,0,0,0,0
train_152,Did we need to pay most likely through a government grant or tax exempt institution  for this study  This seems so obvious that Im surprised anyone went looking ,0,0,0,0,0,0,1,0,0,0
train_153,Is it easy enough to install by myself if I m not a mechanic  The guy at O Reilly s I just talked to sounded like that s the case ,1,0,0,0,0,0,0,0,0,0
train_154,I own a 392 Challenger  485hp  and my mother owns a Charger SXT with a V6  305HP  Thr V6 is plenty powerful for regular street use  Not a race car  but it s better than your average economy car  It s smooth and quiet ,1,0,0,0,0,0,0,0,0,0
train_155,Honda has a  False start prevention  feature which would be great  seems to be available only on their jdm cars ,1,0,0,0,0,0,0,0,0,0
train_156,Everyone still sleeps on the Koreans too  Their resale value is always significantly lower than Honda and Toyota Half of my family owns Hyundais and they ve never had an issue ,1,0,0,0,0,0,0,0,0,0
train_157, gt All those beautiful lights and then they cheaped out with the incandescent turn signal bulbs This is exactly the kind of thing they do to offer what they do at the price  Cheap out on things like that  brakes  suspension  and powertrain  That said  for 95  of this segment s buyers  the interior matters the most and they re going to capture a lot of those buyers Also  GLOSS  BLACK  PLASTIC  EVERYWHERE  I hope they offer another option for the centre area because it s a horizontal surface where grit accumulates  I d rather have matte plastic there because it doesn t scratch up nearly as easily ,1,0,0,0,0,0,0,0,0,0
train_158,WAR had a ton of perfectly fine walkers  Theres only 2 that have been dominating Standard  only 2 others that have been restricted in older formats  Considering how many WAR had  thats fine ,0,0,0,1,0,0,0,0,0,0
train_159,Standard having good mana is generally not a big issue  An no  I do not think fetches will enable 4 colour deck to a greater extent than we have in the current standard I m guessing most decks will run around one playset of fetches  OG or Fabled  per coulor they run  similar to how dual lands are run now ,0,0,0,1,0,0,0,0,0,0
train_160,I really don t think many soccer moms are going to be spending all that extra money on a GT   Maybe it s different where you re at  but I don t see many soccer moms driving around in performance variants of any vehicle ,1,0,0,0,0,0,0,0,0,0
train_161,Yes  and you want to be using a relatively aggressive amount of throttle when powering up too  but not at a high RPM   Optimum is around 80  throttle and 40  of redline RPM or so  should be fairly close to the torque peak of the engine   using whatever gearing is necessary to stay around that point ,1,0,0,0,0,0,0,0,0,0
train_162,   Urzas Ruinous Blast  https   img scryfall com cards normal front 5 7 57b50a96 6221 44f0 b54a 76076621047e jpg 1562736004      G   http   gatherer wizards com Pages Card Details aspx name Urza 27s 20Ruinous 20Blast    SF   https   scryfall com card dom 39 urzas ruinous blast utm source mtgcardfetcher    txt   https   api scryfall com cards 57b50a96 6221 44f0 b54a 76076621047e utm source mtgcardfetcher amp format text        cardname      or      cardname SET      to    call,0,0,0,1,0,0,0,0,0,0
train_163,When I met my wife she was driving an alero  It was the shittiest car I ever saw and minor stuff was always breaking but it never left us stranded ,1,0,0,0,0,0,0,0,0,0
train_164,I ve known I was trans since I was 7  I m 47 now  so it wasn t a phase  It would have been great if this science was around then  with the protocols for trans kids  It would have saved me and a lot of other trans people some grief  Gender identity is inherent  and kids are aware of it from a very early age ,0,0,0,0,0,0,1,0,0,0
train_165,Learn how to play against control  don t just blame your opponents for beating you  that s what they re there to do  ,0,0,0,1,0,0,0,0,0,0
train_166,It s not  but it s an EV by a luxury brand at the same pricepoint It s going to be a high quality mid range finish interior on a specialty vehicle   I believe there will be some unique interior styling queues on the rest of the interior as well ,1,0,0,0,0,0,0,0,0,0
train_167,Performance wise Inception is no worse then ResNet  actually little better for the same amount of memory   But Inception has spaghetti architecture and any modification cause severe degradation  ResNet on the other hand is modular  scalable and easily modifiable with new concepts like attention etc ,0,0,1,0,0,0,0,0,0,0
train_168,Only thing more scary than a people hungry mustang is a silent mustang that you don t even hear coming ,1,0,0,0,0,0,0,0,0,0
train_169,They re getting it mixed up with the Blazer   They re forgetting the trailblazer was already a shitty  watered down replacement for the blazer   This new one is a perfect replacement for what the trailblazer actually was ,1,0,0,0,0,0,0,0,0,0
train_170,Thoughtful explanation but I see some mistakes here  IL 33 is mostly expressed in endo  or epithelial cells IL 33 s role is more aligned toward Th2 response and therefore antibody creation by LymB cells  macrophage differentiation to M2 and also eosinophilia  mast cells and basophils degranulation  These last few are what you re trying to suppress when you want to lessen allergic reactions  IgE dependent  It also appears that when it comes to infections   IL 33 is mostly is mostly involved in defense against helminths  One area that might be problematic is that it can have a protective role in cardiovascular diseases  so blocking it might accelerate atherosclerosis  for example ,0,0,0,0,0,0,1,0,0,0
train_171,Oh yes  Please dear law makers make LED arrays mandatory  I keep thinking these assholes had high beams on in lamp lit streets  Turned out  thats the low beams ,1,0,0,0,0,0,0,0,0,0
train_172,OP  here are some other enablers pay offs to consider if youre going to make a casual deck    phyrexian dreadnaught      torpor orb      tocatli Honor guard      leveler      hunted horror  ,0,0,0,1,0,0,0,0,0,0
train_173,What s with the people who slow down stop before an uphill   I ve watched so many people get stuck trying to go up a snowy hill who would have made it if they had maintained speed and stayed on the gas ,1,0,0,0,0,0,0,0,0,0
train_174, gt  our idea of  fast  is incredibly skewed compared to the average person And then you get to bikes  where a 300cc  learner bike  will pace that WRX to 80 before it starts running out of steam  That s when you really lose all perspective of fast ,1,0,0,0,0,0,0,0,0,0
train_175,ayahuasca is essentially just ingesting DMT the ayahuasca part is an inhibitor for the stomach to allow the DMT to becoming absorbed through the stomach lining so essentially going on in ayahuasca trip is a waking dream,0,0,0,0,0,0,1,0,0,0
train_176,Yes  don t you hear the  Well  Einstein didn t talk until he was five   or  He isn t talking because he already knows everything  ,0,0,0,0,0,0,1,0,0,0
train_177,Just saying  I am currently recovering from hernia surgery and I need those Percocets  But  when I m hitting my wax pen  I don t need them as badly and I ve had days where I only need one where as I would have probably had four to six without getting stoned on wax  I call a dab and a Tylenol my hippie Percocet ,0,0,0,0,0,0,1,0,0,0
train_178, gt The Southern Democrats quite literally became the Southern Republicans the link you provided show precisely ONE southern democrat became a southern republican  then it talks about who ran from each party in the south at seemingly random intervals but gives no real evidence  as far as i can see  that this is the case ,0,0,0,0,0,0,1,0,0,0
train_179,Textacy is made to work in conjunction with Spacy  and adds lots of useful functions like unicode cleanup and anagram learning expansion  https   github com chartbeat labs textacy  https   github com chartbeat labs textacy ,0,0,1,0,0,0,0,0,0,0
train_180, gt  I honestly feel like it was overpowered on purpose simply to sell packsA week before the ban  they admitted Oko was heavily overpowered on purpose to push him into the meta  So their spin about not realising how effective his elk ability was  is just bullshit  What they did not realise is how ubiquitous he would become across all formats ,0,0,0,1,0,0,0,0,0,0
train_181,Why would you want to use this glass for smartphones  Why are smartphones the first thing we can think about when we discover unbreakable glass  Its sad that we assign more and more value to our phones and we become obsessed about it ,0,0,0,0,0,0,1,0,0,0
train_182,I like how now you say  down and dirty  and before you said  perform intercourse  like you were a goddamn robot  yourself ,1,0,0,0,0,0,0,0,0,0
train_183,If you ve ever picked up a few 7 Dwarves in ToE draft and then  not  announced them as  Sneezy   Doc  and  Grumpy  as they come onto the battlefield  you might have a terminal whimsy malnourishment ,0,0,0,1,0,0,0,0,0,0
train_184,No  theyre different biological processes  The authors stated that none of the soups exhibiting dual activity in that manner was consistent with their expectations ,0,0,0,0,0,0,1,0,0,0
train_185,Celery and carrot in soups is not universal and they are more specific to some Western European based cultures,0,0,0,0,0,0,1,0,0,0
train_186,Ive seen several blogs and websites talking about these and suggesting them also  Sounds right up our alley  Thanks for some specific recommendations Of ones to try,0,0,0,0,0,0,0,0,1,0
train_187,I wish they still put the reminder text on basic lands for exactly that reason  Also  having a giant mana symbol on the card does nothing for me  If you re going to have a text box  might as well make it useful It would be cool if they also included flavor text for plane related lore  Sort of like a generic overview of what characterizes that color for that plane ,0,0,0,1,0,0,0,0,0,0
train_188,What kind of deck would suit a beginner that is starting  I recently today bought my first pack which was a white theme throne of eldraine  I want to try and build a deck that focuses on stopping enemies and summoning a lot creatures  I dont know what kind of deck colors I should pick  Also I would like to any dos dont  etiquette for playing in tournaments against other people Thank you to everyone,0,0,0,1,0,0,0,0,0,0
train_189,It seems like Lincoln is getting rid of their stigma and I feel like Cadillac is doing the same with their stigma of being for old people  Its hard but possible ,1,0,0,0,0,0,0,0,0,0
train_190,Sampling of text is stochastic  it doesn t guarantee to yield same result when run  In this case it generated you a morgue file from  Dungeon Crawl Stone Soup  http   crawl chaosforge org  so it s close but not what you intended  As I mentioned in my linked comment sometimes it s not enough to prime it with one iteration of text and action  it can get lost and start to generate something stupid like  Your reaction  laugh in his face  or just completely miss the structure of intended interaction  If that happens start with two iterations so it will catch a relationship between actions and passages of text ,0,0,1,0,0,0,0,0,0,0
train_191,Last five vehicles have been Chevrolets  one Jeep   Sales guy at the dealer took me to look at a GMC  and I told him I won t buy it unless it had a bowtie on the steering wheelAnyways they re all broken right now,1,0,0,0,0,0,0,0,0,0
train_192,Having better traction in the front isnt a good idea because when your front tires complete a turn  the back ones are still turning  Thats what I was told when I got 2 new tires years ago and they refused to put them anywhere but on the back ,1,0,0,0,0,0,0,0,0,0
train_193,This study showed no real significance for the ayahuasca group when compared to placebo  Doesnt mean it wont work  it just means maybe more studies are needed  Both the placebo and ayahuasca group improved ,0,0,0,0,0,0,1,0,0,0
train_194,How why else are they going to remove the fat from a high fat product  What would they replace it with  Protein ,0,1,0,0,0,0,0,0,0,0
train_195,where in missouri  i live kinda by the Kansas city area  more towards warrensburg and i didnt even hear if this until now,1,0,0,0,0,0,0,0,0,0
train_196,most people polled don t actually know any scientists   I suspect that if they did  that number would go way down ,0,0,0,0,0,0,1,0,0,0
train_197,This is a good time also to point out that  You    in the world of Magic   always specifically means  You     You  isn t the same as  Target Player  so   in the unlikely scenario where you have Shroud  spells that read  You may draw 3 cards  still work Also  if you play 2 Headed Giant  spells that say  You  don t include your teammate   If you have a spell that says  Add RRR to your mana pool    your teammate doesn t get access to the three red mana  only you do  You  in Magic is a very fun concept   D,0,0,0,1,0,0,0,0,0,0
train_198,I ve always wondered why people enjoy sleep  To me it s just a huge time sink since I always feel like crap in the morning anyway  Yay for AD ,0,0,0,0,0,0,1,0,0,0
train_199,They are actually called base lands because it takes two to make a thing go right https   youtu be phOW CZJWT0,0,0,0,1,0,0,0,0,0,0
train_200,Someone in high school now is less than 20  You retire at 65  45 years  Would you rather get a degree in a growing career field or a dying one ,1,0,0,0,0,0,0,0,0,0